X,Y,FID,OBJECTID,Type,OpsName,LabelName,ServiceNam,CampusCode,StreetNum,RoadName,RoadType,RoadSuffix,LGAName,LocalityNa,Postcode,VicgovRegi,State
142.902400002226443,-38.239399998606849,1,115,PUBLIC,TERANG PUBLIC HOSPITAL,Terang and Mortlake Health Service (Terang),Terang & Mortlake Health Service,3350,13,AUSTIN,AVENUE, ,Corangamite (S),TERANG,3264,BSW,VIC
144.982100002002227,-37.845600000838694,2,116,PUBLIC,ALFRED PUBLIC HOSPITAL,The Alfred,Alfred Health,1010,55,COMMERCIAL,ROAD, ,Melbourne (C),MELBOURNE,3004,NWMR,VIC
145.016699999769884,-37.882399997688893,3,1,PUBLIC,CAULFIELD PUBLIC HOSPITAL,Caulfield General Medical Centre,Alfred Health,1370,260,KOOYONG,ROAD, ,Glen Eira (C),CAULFIELD,3162,SMR,VIC
145.015100002852563,-37.652600000966885,4,117,PUBLIC,NORTHERN PUBLIC HOSPITAL,The Northern Hospital,Northern Health,1280,185,COOPER,STREET, ,Whittlesea (C),EPPING,3076,NWMR,VIC
146.983400002309395,-37.96119999756921,5,2,PUBLIC,MAFFRA PUBLIC HOSPITAL,Central Gippsland Health Service (Maffra),Central Gippsland Health Service,2580,42-48,KENT,STREET, ,Wellington (S),MAFFRA,3860,Gipp,VIC
144.948899999257549,-37.793999998412701,6,118,PUBLIC,ROYAL CHILDRENS HOSPITAL,"Royal Children's Hospital, The",Royal Childrens Hospital,1191,50,FLEMINGTON,ROAD, ,Melbourne (C),PARKVILLE,3052,NWMR,VIC
147.080799997107107,-38.107999998554121,7,3,PUBLIC,SALE PUBLIC HOSPITAL,Central Gippsland Health Service (Sale),Central Gippsland Health Service,2060,155,GUTHRIDGE,PARADE, ,Wellington (S),SALE,3850,Gipp,VIC
144.976099997569037,-37.808799999785606,8,119,PUBLIC,ROYAL VIC EYE AND EAR,Royal Victorian Eye and Ear Hospital,"Royal Victorian Eye & Ear Hospital, The",1240,32,GISBORNE,STREET, ,Melbourne (C),EAST MELBOURNE,3002,NWMR,VIC
145.651199996412799,-35.916499997828581,9,4,PUBLIC,COBRAM PUBLIC HOSPITAL,Cobram District Hospital,Cobram District Health,5120,24-32,BROADWAY,STREET, ,Moira (S),COBRAM,3644,HUME,VIC
144.214699998528886,-35.800299997223554,10,5,PUBLIC,COHUNA PUBLIC HOSPITAL,Cohuna District Hospital,Cohuna District Hospital,2130,144-158,KING GEORGE,STREET, ,Gannawarra (S),COHUNA,3568,LMR,VIC
144.955099999546576,-37.799299998839196,11,120,PUBLIC,ROYAL WOMENS PUBLIC HOSPITAL,"Royal Women's Hospital, The",Royal Womens Hospital,1230,20,FLEMINGTON,ROAD, ,Melbourne (C),PARKVILLE,3052,NWMR,VIC
142.976599998674203,-38.486499997836461,12,121,PUBLIC,TIMBOON PUBLIC HOSPITAL,Timboon and District Healthcare Service,Timboon & District Healthcare Service,2360,21,HOSPITAL,ROAD, ,Corangamite (S),TIMBOON,3268,BSW,VIC
143.58389999735212,-38.341499998239584,13,6,PUBLIC,COLAC PUBLIC HOSPITAL,Colac Area Health,Colac Area Health,1130,12,CONNOR,STREET, ,Colac-Otway (S),COLAC,3250,BSW,VIC
144.919799998371587,-37.59639999955494,14,7,PUBLIC,CRAIGIEBURN PUBLIC HOSPITAL,Craigieburn Health Service,Northern Health,3670,274-304,CRAIGIEBURN,ROAD, ,Hume (C),CRAIGIEBURN,3064,NWMR,VIC
144.887599996683122,-37.797400000717346,15,122,PUBLIC,TWEDDLE CHILD FAMILY HOSPITAL,Tweddle Child and Family Health Service,Tweddle Child & Family Health Centre,1900,49-71,ADELAIDE,STREET, ,Maribyrnong (C),FOOTSCRAY,3011,NWMR,VIC
145.280400000834533,-38.113200000927321,16,8,PUBLIC,CRANBOURNE PUBLIC HOSPITAL,Cranbourne Integrated Care Centre,Monash Health,2650,140-154,SLADEN,STREET, ,Casey (C),CRANBOURNE,3977,SMR,VIC
147.903200000369452,-36.198800000780537,17,123,PUBLIC,CORRYONG PUBLIC HOSPITAL,Upper Murray Health and Community Services (Corryong),Upper Murray Health & Community Services,2150,16-20,KIELL,STREET, ,Towong (S),CORRYONG,3707,HUME,VIC
145.226199999544548,-37.848199999509397,18,124,PUBLIC,WANTIRNA PUBLIC HOSPITAL,Wantirna Health,Eastern Health,2330,251,MOUNTAIN,HIGHWAY, ,Knox (C),WANTIRNA,3152,EMR,VIC
145.218500003138161,-37.977000001038434,19,9,PUBLIC,DANDENONG PUBLIC HOSPITAL,Dandenong Hospital,Monash Health,2111,135,DAVID,STREET, ,Greater Dandenong (C),DANDENONG,3175,SMR,VIC
144.69919999694136,-37.88579999905852,20,125,PUBLIC,WERRIBEE MERCY HOSPITAL,Mercy Public Hospitals Inc (Werribee),Mercy Public Hospitals Inc,1320,300-310,PRINCES,HIGHWAY, ,Wyndham (C),WERRIBEE,3030,NWMR,VIC
144.964500002076846,-37.799299999420398,21,10,PUBLIC,ROYAL DENTAL HOSPITAL,Royal Dental Hospital (Melbourne),Dental Health Service Victoria,5110,720,SWANSTON,STREET, ,Melbourne (C),CARLTON,3053,NWMR,VIC
145.927500002054103,-38.172799999873789,22,126,PUBLIC,WARRAGUL PUBLIC HOSPITAL,West Gippsland Healthcare HCG,West Gippsland Healthcare Group,1580,41,LANDSBOROUGH,STREET, ,Baw Baw (S),WARRAGUL,3820,Gipp,VIC
144.432499997050144,-37.678100000580251,23,11,PUBLIC,BACCHUS MARSH PUBLIC HOSPITAL,Djerriwarrh Health Services (Bacchus Marsh),Djerriwarrh Health Service,3020,29-35,GRANT,STREET, ,Moorabool (S),BACCHUS MARSH,3340,Gram,VIC
141.984399996419029,-36.14090000044127,24,127,PUBLIC,JEPARIT PUBLIC HOSPITAL,West Wimmera Health Service (Jeparit),West Wimmera Health Service,2373,2,CHARLES,STREET, ,Hindmarsh (S),JEPARIT,3423,Gram,VIC
142.631899997346153,-36.63679999751551,25,12,PUBLIC,RUPANYUP PUBLIC HOSPITAL,Dunmunkle Health Services (Rupanyup),Dunmunkle Health Services,2210,89-91,CROMIE,STREET, ,Yarriambiack (S),RUPANYUP,3388,Gram,VIC
141.245999999079146,-36.381499997145497,26,128,PUBLIC,KANIVA PUBLIC HOSPITAL,West Wimmera Health Service (Kaniva),West Wimmera Health Service,2372,1-7,ROACHE,STREET, ,West Wimmera (S),KANIVA,3419,Gram,VIC
142.932300000873312,-37.278700000643866,27,13,PUBLIC,ARARAT PUBLIC HOSPITAL,East Grampians Health Service (Ararat),East Grampians Health Service,1101,9-29,GIRDLESTONE,STREET, ,Ararat (RC),ARARAT,3377,Gram,VIC
141.656099997592179,-36.333899999593072,28,129,PUBLIC,NHILL PUBLIC HOSPITAL,West Wimmera Health Service (Nhill),West Wimmera Health Service,2371,51,NELSON,STREET, ,Hindmarsh (S),NHILL,3418,Gram,VIC
142.745899997977574,-37.545099999064043,29,14,PUBLIC,WILLAURA PUBLIC HOSPITAL,East Grampians Health Service (Willaura),East Grampians Health Service,1102,21,DELACOMBE,WAY, ,Ararat (RC),WILLAURA,3379,Gram,VIC
141.995099999306746,-35.904100000131585,30,130,PUBLIC,RAINBOW PUBLIC HOSPITAL,West Wimmera Health Service (Rainbow),West Wimmera Health Service,2374,2,SWINBOURNE,AVENUE, ,Hindmarsh (S),RAINBOW,3424,Gram,VIC
142.915899999378013,-35.98019999947239,31,15,PUBLIC,BIRCHIP PUBLIC HOSPITAL,East Wimmera Health Service (Birchip),East Wimmera Health Service,4120,24-26,DUNCAN,STREET, ,Buloke (S),BIRCHIP,3483,LMR,VIC
142.030100003263755,-37.737300000559756,32,131,PUBLIC,HAMILTON BASE PUBLIC HOSPITAL,Hamilton Base Hospital,Western District Health Service,1071,20,FOSTER,STREET, ,Southern Grampians (S),HAMILTON,3300,BSW,VIC
143.352505539478898,-36.269238472866952,33,16,PUBLIC,CHARLTON PUBLIC HOSPITAL,East Wimmera Health Service (Charlton),East Wimmera Health Service,4130,4,LEARMONTH,STREET, ,Buloke (S),CHARLTON,3525,LMR,VIC
142.976400003191259,-36.366599998038531,34,17,PUBLIC,DONALD PUBLIC HOSPITAL,East Wimmera Health Service (Donald),East Wimmera Health Service,3190,1A,AITKEN,AVENUE, ,Buloke (S),DONALD,3480,LMR,VIC
142.282499998965477,-37.877199999410891,35,132,PUBLIC,PENSHURST PUBLIC HOSPITAL,Penshurst & District Memorial Hospital,Western District Health Service,1072,146,COBB,STREET, ,Southern Grampians (S),PENSHURST,3289,BSW,VIC
143.246500000183175,-36.60939999906978,36,18,PUBLIC,ST ARNAUD PUBLIC HOSPITAL,East Wimmera Health Service (St Arnaud),East Wimmera Health Service,2480,52,NORTH WESTERN,ROAD, ,Northern Grampians (S),ST ARNAUD,3478,Gram,VIC
141.692500002518557,-37.599800000790303,37,133,PUBLIC,COLERAINE PUBLIC HOSPITAL,"WDHS, Coleraine",Coleraine District Health Services,2140,71,MCLEOD,STREET, ,Southern Grampians (S),COLERAINE,3315,BSW,VIC
143.233999997019282,-36.078699998017136,38,19,PUBLIC,WYCHEPROOF PUBLIC HOSPITAL,East Wimmera Health Service (Wycheproof),East Wimmera Health Service,1560,19,GRANDVIEW,STREET, ,Buloke (S),WYCHEPROOF,3527,LMR,VIC
144.887400000992699,-37.792399997986521,39,134,PUBLIC,WESTERN HOSPITAL - FOOTSCRAY,Western Hospital (Footscray),Western Health,1180,160,GORDON,STREET, ,Maribyrnong (C),FOOTSCRAY,3011,NWMR,VIC
144.748599999039158,-36.138199998855839,40,20,PUBLIC,ECHUCA PUBLIC HOSPITAL,Echuca Regional Health,Echuca Regional Health,2180,226,SERVICE,STREET, ,Campaspe (S),ECHUCA,3564,LMR,VIC
144.892800003373736,-37.863599999968727,41,135,PUBLIC,WILLIAMSTOWN PUBLIC HOSPITAL,Williamstown Hospital,Western Health,1460,76A,RAILWAY,CRESCENT, ,Hobsons Bay (C),WILLIAMSTOWN,3016,NWMR,VIC
141.289099998425598,-37.03519999862764,42,21,PUBLIC,EDENHOPE PUBLIC HOSPITAL,Edenhope and District Hospital,Edenhope & District Hospital,3240,124-134,ELIZABETH,STREET, ,West Wimmera (S),EDENHOPE,3318,Gram,VIC
142.024199999500752,-36.449700000942393,43,136,PUBLIC,DIMBOOLA PUBLIC HOSPITAL,Dimboola & District Hospital,Wimmera Health Care Group,3180,32-36,ANDERSON,STREET, ,Hindmarsh (S),DIMBOOLA,3414,Gram,VIC
145.12929999865824,-38.150899998036898,44,22,PUBLIC,FRANKSTON PUBLIC HOSPITAL,Frankston Hospital,Peninsula Health,2220,2,HASTINGS,ROAD, ,Frankston (C),FRANKSTON,3199,SMR,VIC
142.209200002586044,-36.711899999050964,45,137,PUBLIC,HORSHAM PUBLIC HOSPITAL,Wimmera Base Hospital,Wimmera Health Care Group,2170,83,BAILLIE,STREET, ,Horsham (RC),HORSHAM,3400,Gram,VIC
145.828500003092842,-38.430399998367974,46,23,PUBLIC,KORUMBURRA PUBLIC HOSPITAL,Gippsland Southern Health Service (Korumburra),Gippsland Southern Health Service,2251,10,GORDON,STREET, ,South Gippsland (S),KORUMBURRA,3950,Gipp,VIC
146.879500001304592,-36.131799998511283,47,138,PUBLIC,WODONGA PUBLIC HOSPITAL,Albury Wodonga Health (Wodonga),Albury Wodonga Health,1660,69,VERMONT,STREET, ,Wodonga (RC),WODONGA,3690,HUME,VIC
145.950099997109703,-38.487300000116775,48,24,PUBLIC,LEONGATHA PUBLIC HOSPITAL,Gippsland Southern Health Service (Leongatha),Gippsland Southern Health Service,2252,64,KOONWARRA,ROAD, ,South Gippsland (S),LEONGATHA,3953,Gipp,VIC
146.67809999716664,-38.557100000754403,49,139,PUBLIC,YARRAM PUBLIC HOSPITAL,Yarram and District Health Service,Yarram & District Health Service,1770,85-91,COMMERCIAL,ROAD, ,Wellington (S),YARRAM,3971,Gipp,VIC
145.40420000210969,-36.363099998593043,50,25,PUBLIC,GOULBURN VALLEY HEALTH,Shepparton Hospital,Goulburn Valley Health,1121,2-48,GRAHAM,STREET, ,Greater Shepparton (C),SHEPPARTON,3630,HUME,VIC
146.006832704248694,-36.011198047197986,51,140,PUBLIC,YARRAWONGA PUBLIC HOSPITAL,Yarrawonga Health,Yarrawonga District Health Service,1780,33,PIPER,STREET, ,Moira (S),YARRAWONGA,3730,HUME,VIC
145.225299998864585,-36.439299999844891,52,26,PUBLIC,TATURA PUBLIC HOSPITAL,Tatura Public Hospital,Goulburn Valley Health,1122,64-68,PARK,STREET, ,Greater Shepparton (C),TATURA,3616,HUME,VIC
145.431299999328616,-37.21389999909978,53,141,PUBLIC,YEA PUBLIC HOSPITAL,Yea and District Memorial Hospital,Yea & District Memorial Hospital,3590,45,STATION,STREET, ,Murrindindi (S),YEA,3717,HUME,VIC
145.008500001995287,-36.587900000909158,54,27,PUBLIC,RUSHWORTH PUBLIC HOSPITAL,Waranga Memorial Hospital,Goulburn Valley Health,1123,14,COYLE,STREET, ,Campaspe (S),RUSHWORTH,3612,LMR,VIC
145.71610000020334,-37.195300000886121,55,28,PUBLIC,ALEXANDRA PUBLIC HOSPITAL,Alexandra District Hospital,Alexandra District Hospital,3010,12,COOPER,STREET, ,Murrindindi (S),ALEXANDRA,3714,HUME,VIC
145.351400003350733,-37.756599999215254,56,142,PUBLIC,LILYDALE PUBLIC HOSPITAL,Yarra Ranges Health,Eastern Health,3690,25,MARKET,STREET, ,Yarra Ranges (S),LILYDALE,3140,EMR,VIC
146.966100000034288,-36.73299999791341,57,29,PUBLIC,BRIGHT PUBLIC HOSPITAL,Alpine Health (Bright),Alpine Health,1882,36-42,COBDEN,STREET, ,Alpine (S),BRIGHT,3741,HUME,VIC
145.149599998780047,-38.172799999965108,58,143,PUBLIC,MOUNT ELIZA REHAB - FRANKSTON,Golf Links Road Rehabilitation Centre,Peninsula Health,4083,125,GOLF LINKS,ROAD, ,Frankston (C),FRANKSTON,3199,SMR,VIC
147.169399999624744,-36.743299997572677,59,30,PUBLIC,MOUNT BEAUTY PUBLIC HOSPITAL,Alpine Health (Mount Beauty),Alpine Health,1883,2-8,HOLLONDS,STREET, ,Alpine (S),MOUNT BEAUTY,3699,HUME,VIC
145.041599995821002,-38.230099997544841,60,144,PUBLIC,MOUNT ELIZA REHAB - MORNINGTON,The Mornington Centre,Peninsula Health,4084,24,SEPARATION,STREET, ,Mornington Peninsula (S),MORNINGTON,3931,SMR,VIC
146.72909999596439,-36.554399999558854,61,31,PUBLIC,MYRTLEFORD PUBLIC HOSPITAL,Alpine Health (Myrtleford),Alpine Health,1881,32,ODONNELL,AVENUE, ,Alpine (S),MYRTLEFORD,3737,HUME,VIC
144.732699997453039,-37.577199998133729,62,145,PUBLIC,SUNBURY PUBLIC HOSPITAL,Sunbury Day Hospital,Western Health,2700,7,MACEDON,STREET, ,Hume (C),SUNBURY,3429,NWMR,VIC
145.313600003649157,-37.898699998348967,63,32,PUBLIC,ANGLISS PUBLIC HOSPITAL,Angliss Hospital,Eastern Health,1590,39,ALBERT,STREET, ,Knox (C),UPPER FERNTREE GULLY,3156,EMR,VIC
146.939699999843441,-36.078499997922044,64,146,PUBLIC,ALBURY BASE PUBLIC HOSPITAL,Albury Wodonga Health,Albury Wodonga Health,1650,201,BORELLA,ROAD, ,Albury (C),EAST ALBURY (NSW),2640, ,NSW
145.060400001923824,-37.756499997357821,65,33,PUBLIC,AUSTIN PUBLIC HOSPITAL,Austin Hospital,Austin Health,1031,145,STUDLEY,ROAD, ,Banyule (C),HEIDELBERG,3084,NWMR,VIC
142.857699997176866,-35.500500000476315,66,147,PUBLIC,SEA LAKE AND DISTRICT HOSPITAL,Sea Lake & District Hospital,Mallee Track Health & Community Service,7270,33-43,MCCLELLAND,AVENUE, ,Buloke (S),SEA LAKE,3533,LMR,VIC
145.04739999795882,-37.756099998374424,67,34,PUBLIC,HEIDELBERG REPAT HOSPITAL,Heidelberg Repatriation Hospital,Austin Health,1032,300,WATERDALE,ROAD, ,Banyule (C),HEIDELBERG HEIGHTS,3081,NWMR,VIC
144.887100003694059,-37.791099998097607,68,148,PUBLIC,ORYGEN YOUTH HEALTH,Orygen Inpatient Unit,Melbourne Health,1332,10,MAVIS,STREET, ,Maribyrnong (C),FOOTSCRAY,3011,NWMR,VIC
145.018499999672258,-37.960999998426885,69,149,PUBLIC,SANDRINGHAM WOMENS,Women's @ Sandringham,Royal Womens Hospital,1232,193,BLUFF,ROAD, ,Bayside (C),SANDRINGHAM,3191,SMR,VIC
147.608300000963879,-37.831700000205764,70,35,PUBLIC,BAIRNSDALE PUBLIC HOSPITAL,Bairnsdale Regional Health Service,Bairnsdale Regional Health Service,1040,122,DAY,STREET, ,East Gippsland (S),BAIRNSDALE,3875,Gipp,VIC
144.887400000992699,-37.792399997986521,71,150,PUBLIC,URSULA FRAYNE CENTRE,Ursula Frayne Centre,Mercy Public Hospitals Inc,1321,160,GORDON,STREET, ,Maribyrnong (C),FOOTSCRAY,3011,NWMR,VIC
143.847400002576649,-37.55869999811798,72,36,PUBLIC,BALLARAT BASE PUBLIC HOSPITAL,Ballarat Hospital,Ballarat Health Services,2010,1,DRUMMOND,STREET,N,Ballarat (C),BALLARAT CENTRAL,3350,Gram,VIC
144.939900003726507,-37.788699998422054,73,151,PRIVATE,DIAVERUM - NORTH MELBOURNE,Diaverum North Melbourne Dialysis Clinic, ,6390,185,BOUNDARY,ROAD, ,MELBOURNE,NORTH MELBOURNE,3051,NWMR,VIC
143.841899998400436,-37.563900000400757,74,37,PUBLIC,QUEEN ELIZABETH - BALLARAT,"Queen Elizabeth Centre, The (Ballarat QEC)",Ballarat Health Services,2070,102,ASCOT,STREET,S,Ballarat (C),BALLARAT CENTRAL,3350,Gram,VIC
144.998099998204339,-37.856099999325707,75,152,PRIVATE,WINDSOR PRIVATE HOSPITAL,Windsor Private Hospital, ,8840,20-22,THE AVENUE, , ,STONNINGTON,WINDSOR,3181,SMR,VIC
144.365400001413548,-38.151199999561726,76,38,PUBLIC,GEELONG UNIVERSITY PUBLIC HOSPITAL,University Hospital Geelong,Barwon Health,2050,272-322,RYRIE,STREET, ,Greater Geelong (C),GEELONG,3220,BSW,VIC
144.33600000285054,-38.119299999756343,77,39,PUBLIC,GRACE MCKELLAR CENTRE,McKellar Centre (Geelong),Barwon Health,3040,45-99,BALLARAT,ROAD, ,Greater Geelong (C),NORTH GEELONG,3215,BSW,VIC
145.049500003675206,-38.22539999967573,78,153,PRIVATE,BELEURA PRIVATE HOSPITAL,Beleura Private Hospital, ,6500,925,NEPEAN,HIGHWAY, ,MORNINGTON PENINSULA,MORNINGTON,3931,SMR,VIC
145.580899999010029,-38.608199997576996,79,40,PUBLIC,WONTHAGGI PUBLIC HOSPITAL,Bass Coast Health,Bass Coast Health,1670,235,GRAHAM,STREET, ,Bass Coast (S),WONTHAGGI,3995,Gipp,VIC
145.156099997787777,-37.832999999709827,80,154,PRIVATE,BELLBIRD PRIVATE HOSPITAL,Bellbird Private Hospital, ,6650,198,CANTERBURY,ROAD, ,WHITEHORSE,BLACKBURN SOUTH,3130,EMR,VIC
143.382200002911475,-37.430799997275457,81,41,PUBLIC,BEAUFORT PUBLIC HOSPITAL,Beaufort & Skipton Health Service (Beaufort),Beaufort & Skipton Health Service,3120,24-28,HAVELOCK,STREET, ,Pyrenees (S),BEAUFORT,3373,Gram,VIC
144.971400000117399,-37.756900000449221,82,155,PRIVATE,BRUNSWICK PRIVATE HOSPITAL,Brunswick Private Hospital, ,6220,82,MORELAND,ROAD, ,MORELAND,BRUNSWICK,3056,NWMR,VIC
143.367600001018474,-37.684199998686594,83,42,PUBLIC,SKIPTON PUBLIC HOSPITAL,Beaufort & Skipton Health Service (Skipton),Beaufort & Skipton Health Service,2230,2,BLAKE,STREET, ,Corangamite (S),SKIPTON,3361,BSW,VIC
144.987700000259281,-37.815599999003183,84,156,PRIVATE,EPWORTH HOSPITAL - CLIVEDEN,Epworth Cliveden, ,6730,29,SIMPSON,STREET, ,MELBOURNE,EAST MELBOURNE,3002,NWMR,VIC
145.072800003339864,-37.990599999838487,85,157,PRIVATE,COMO PRIVATE HOSPITAL,Como Private Hospital, ,7740,152,COMO,PARADE,W,KINGSTON,PARKDALE,3195,SMR,VIC
146.691399999042574,-36.349499999159832,86,43,PUBLIC,BEECHWORTH PUBLIC HOSPITAL,Beechworth Health Service,Beechworth Health Service,4460,52,SYDNEY,ROAD, ,Indigo (S),BEECHWORTH,3747,HUME,VIC
145.048299998260717,-37.808699997682282,87,158,PRIVATE,COTHAM PRIVATE HOSPITAL,Cotham Private Hospital, ,6920,209,COTHAM,ROAD, ,BOROONDARA,KEW,3101,EMR,VIC
145.993500001712448,-36.55490000055164,88,44,PUBLIC,BENALLA PUBLIC HOSPITAL,Benalla District Health,Benalla & District Memorial Hospital,4050,47-63,COSTER,STREET, ,Benalla (RC),BENALLA,3672,HUME,VIC
145.094200000309257,-37.857299997872026,89,159,PRIVATE,DELMONT PRIVATE HOSPITAL,Delmont Private Hospital, ,8090,298,WARRIGAL,ROAD, ,BOROONDARA,GLEN IRIS,3146,EMR,VIC
144.2800000013236,-36.751299998598498,90,45,PUBLIC,BENDIGO PUBLIC HOSPITAL,Bendigo Health Care Group (Anne Caudle),Bendigo Health Care Group,1022,100-102,BARNARD,STREET, ,Greater Bendigo (C),BENDIGO,3550,LMR,VIC
145.171499997480254,-37.789999998600571,91,160,PRIVATE,DONVALE REHAB HOSPITAL,Donvale Rehabilitation Hospital, ,7110,1119-1121,DONCASTER,ROAD, ,MANNINGHAM,DONCASTER EAST,3109,EMR,VIC
144.282899997899563,-36.748699999597726,92,46,PUBLIC,BENDIGO BASE PUBLIC HOSPITAL,"Bendigo Hospital, The",Bendigo Health Care Group,1021,62,LUCAN,STREET, ,Greater Bendigo (C),BENDIGO,3550,LMR,VIC
144.947400003207036,-37.723299997794847,93,161,PRIVATE,DORSET REHAB CENTRE,Dorset Rehabilitation Centre, ,6810,146,DERBY,STREET, ,MORELAND,PASCOE VALE,3044,NWMR,VIC
143.727300002832607,-36.111999998776952,94,47,PUBLIC,BOORT PUBLIC HOSPITAL,Boort District Hospital,Boort District Health,3060,31,KINIRY,STREET, ,Loddon (S),BOORT,3537,LMR,VIC
144.984099999620668,-37.810699998312636,95,162,PRIVATE,EPWORTH HOSPITAL - FREEMASONS,Epworth Freemasons, ,6470,166,CLARENDON,STREET, ,MELBOURNE,EAST MELBOURNE,3002,NWMR,VIC
145.119543998173611,-37.813767061820187,96,48,PUBLIC,BOX HILL PUBLIC HOSPITAL,Box Hill Hospital,Eastern Health,1050,8,ARNOLD,STREET, ,Whitehorse (C),BOX HILL,3128,EMR,VIC
144.99289999956892,-37.817499998404251,97,163,PRIVATE,EPWORTH HOSPITAL - RICHMOND,Epworth Richmond, ,6490,89,BRIDGE,ROAD, ,YARRA,RICHMOND,3121,NWMR,VIC
144.913400002148933,-37.684199999466344,98,49,PUBLIC,BROADMEADOWS HEALTH SERVICE,Broadmeadows Health Service,Northern Health,2970,35-57,JOHNSTONE,STREET, ,Hume (C),JACANA,3047,NWMR,VIC
145.002599998811661,-37.91369999860369,99,164,PRIVATE,EPWORTH REHAB - BRIGHTON,Epworth Rehabilitation Brighton, ,6830,85-91,WILSON,STREET, ,BAYSIDE,BRIGHTON,3186,SMR,VIC
145.05479999641571,-37.701099998761102,100,50,PUBLIC,BUNDOORA EXTENDED CARE,Bundoora Extended Care Centre,Northern Health,1090,1231,PLENTY,ROAD, ,Darebin (C),BUNDOORA,3083,NWMR,VIC
145.054899998231974,-37.845999999848196,101,165,PRIVATE,EPWORTH REHAB - CAMBERWELL,Epworth Rehabilitation Camberwell, ,6710,888,TOORAK,ROAD, ,BOROONDARA,CAMBERWELL,3124,EMR,VIC
145.013199999787787,-37.896799998954435,102,51,PUBLIC,CALVARY PUBLIC HOSPITAL,Calvary Health Care Bethlehem,Calvary Health Care Bethlehem,3050,476-482,KOOYONG,ROAD, ,Glen Eira (C),CAULFIELD SOUTH,3162,SMR,VIC
144.954899996544896,-37.798699999806075,103,166,PRIVATE,FRANCES PERRY HOUSE,Frances Perry House, ,7720,20,FLEMINGTON,ROAD, ,MELBOURNE,PARKVILLE,3052,NWMR,VIC
145.015799999487939,-37.80499999843228,104,52,PUBLIC,CARITAS CHRISTI HOSPICE,Caritas Christi Hospice Ltd,St Vincents Health,2080,104,STUDLEY PARK,ROAD, ,Boroondara (C),KEW,3101,EMR,VIC
144.36410000214687,-38.150800000138901,105,167,PRIVATE,GEELONG PRIVATE HOSPITAL,Geelong Private Hospital, ,7960,56-58,BELLERINE,STREET, ,GREATER GEELONG,GEELONG,3220,BSW,VIC
145.347000002756744,-38.045000000919487,106,53,PUBLIC,CASEY PUBLIC HOSPITAL,Casey Hospital,Monash Health,3660,62-70,KANGAN,DRIVE, ,Casey (C),BERWICK,3806,SMR,VIC
141.39280000299982,-37.590300000130064,107,54,PUBLIC,CASTERTON PUBLIC HOSPITAL,Casterton Memorial Hospital,Casterton Memorial Hospital,2090,63,RUSSELL,STREET, ,Glenelg (S),CASTERTON,3311,BSW,VIC
145.031099997218604,-37.819400000003135,108,168,PRIVATE,GLENFERRIE PRIVATE HOSPITAL,Glenferrie Private Hospital, ,8800,29,HILDA,CRESCENT, ,BOROONDARA,HAWTHORN,3122,EMR,VIC
145.528800002823203,-37.6468999968465,109,55,PUBLIC,HEALESVILLE PUBLIC HOSPITAL,Healesville and District Hospital,Eastern Health,3330,377,MAROONDAH,HIGHWAY, ,Yarra Ranges (S),HEALESVILLE,3777,EMR,VIC
145.120800003084639,-37.920999999487947,110,169,PRIVATE,JESSIE MCPHERSON HOSPITAL,Jessie McPherson Private Hospital, ,8890,246,CLAYTON,ROAD, ,MONASH,CLAYTON,3168,EMR,VIC
144.958300002359152,-37.75459999858235,111,170,PRIVATE,JOHN FAWKNER PRIVATE HOSPITAL,John Fawkner Private Hospital, ,8550,275,MORELAND,ROAD, ,MORELAND,COBURG,3058,NWMR,VIC
143.891699999516476,-37.42059999999055,112,56,PUBLIC,CRESWICK PUBLIC HOSPITAL,Creswick District Hospital,Hepburn Health Service,4162,1,NAPIER,STREET, ,Hepburn (S),CRESWICK,3363,Gram,VIC
145.228100001409445,-37.849199998094953,113,171,PRIVATE,KNOX PRIVATE HOSPITAL,Knox Private Hospital, ,6400,262,MOUNTAIN,HIGHWAY, ,KNOX,WANTIRNA,3152,EMR,VIC
144.145499996284599,-37.337599999596499,114,57,PUBLIC,DAYLESFORD PUBLIC HOSPITAL,Daylesford District Hospital,Hepburn Health Service,4161,15,HOSPITAL,STREET, ,Hepburn (S),DAYLESFORD,3460,Gram,VIC
145.003700003582253,-37.942400000020029,115,172,PRIVATE,LINACRE PRIVATE HOSPITAL,Linacre Private Hospital, ,6880,12,LINACRE,ROAD, ,BAYSIDE,HAMPTON,3188,SMR,VIC
143.984200001225702,-38.243099997537037,116,58,PUBLIC,WINCHELSEA PUBLIC HOSPITAL,Hesse Rural Health Service (Winchelsea),Hesse Rural Health Service,1500,8,GOSNEY,STREET, ,Surf Coast (S),WINCHELSEA,3241,BSW,VIC
145.081100002388268,-37.827399998429101,117,173,PRIVATE,LINLEY CLINIC,Linley Clinic, ,6250,25,BRYSON,STREET, ,BOROONDARA,CANTERBURY,3126,EMR,VIC
141.624600001157319,-38.137899997949624,118,59,PUBLIC,HEYWOOD PUBLIC HOSPITAL,Heywood Rural Health,Heywood Rural Health,2350,21,BARCLAY,STREET, ,Glenelg (S),HEYWOOD,3304,BSW,VIC
145.060800000502411,-37.867099999540393,119,174,PRIVATE,MALVERN PRIVATE HOSPITAL,Malvern Private Hospital, ,6420,3-9,WILTON VALE,CRESCENT, ,STONNINGTON,MALVERN EAST,3145,SMR,VIC
143.873400002434835,-36.572299997186683,120,60,PUBLIC,INGLEWOOD PUBLIC HOSPITAL,Inglewood and District Health Service,Inglewood & District Health Service,3370,5,HOSPITAL,STREET, ,Loddon (S),INGLEWOOD,3517,LMR,VIC
143.917599998863778,-35.724199998342357,121,61,PUBLIC,KERANG PUBLIC HOSPITAL,Kerang District Health,Kerang District Health,2240,13-15,BURGOYNE,STREET, ,Gannawarra (S),KERANG,3579,LMR,VIC
146.418700001758168,-38.215100000773973,122,175,PRIVATE,MARYVALE PRIVATE HOSPITAL,Maryvale Private Hospital, ,7090,286,MARYVALE,ROAD, ,LATROBE,MORWELL,3840,Gipp,VIC
144.958099998308001,-37.30180000073215,123,62,PUBLIC,KILMORE PUBLIC HOSPITAL,Kilmore and District Hospital,"Kilmore & District Hospital, The",3460,1,ANDERSON,ROAD, ,Mitchell (S),KILMORE,3764,HUME,VIC
145.003099999918419,-37.869800000359639,124,176,PRIVATE,MASADA PRIVATE HOSPITAL,Masada Private Hospital, ,7910,26,BALACLAVA,ROAD, ,GLEN EIRA,ST KILDA EAST,3183,SMR,VIC
142.145300001170767,-34.184799997909899,125,177,PRIVATE,MILDURA PRIVATE HOSPITAL,Mildura Private Hospital, ,7930,220-228,THIRTEENTH,STREET, ,MILDURA,MILDURA,3500,LMR,VIC
145.079899997061432,-37.954399998702385,126,63,PUBLIC,KINGSTON CENTRE HOSPITAL,Kingston Centre,Monash Health,2030,400,WARRIGAL,ROAD, ,Kingston (C),HEATHERTON,3202,SMR,VIC
145.194700002819303,-37.810299998728929,127,178,PRIVATE,MITCHAM PRIVATE HOSPITAL,Mitcham Private Hospital, ,8440,27,DONCASTER EAST,ROAD, ,WHITEHORSE,MITCHAM,3132,EMR,VIC
145.484949911686016,-38.201561670703008,128,64,PUBLIC,KOO WEE RUP PUBLIC HOSPITAL,Kooweerup Regional Health Service,Kooweerup Regional Health Service,1480,215,ROSSITER,ROAD, ,Cardinia (S),KOO WEE RUP,3981,SMR,VIC
145.120599999489031,-37.921799997842108,129,179,PRIVATE,MONASH SURGICAL HOSPITAL,Monash Surgical Private Hospital, ,6320,252-256,CLAYTON,ROAD, ,MONASH,CLAYTON,3168,EMR,VIC
145.04219999954725,-36.315299997656204,130,65,PUBLIC,KYABRAM PUBLIC HOSPITAL,Kyabram and District Health Services,Kyabram & District Health Services,1260,86-96,FENAUGHTY,STREET, ,Campaspe (S),KYABRAM,3620,LMR,VIC
144.470100000990811,-37.254500000390273,131,66,PUBLIC,KYNETON PUBLIC HOSPITAL,Kyneton District Health Service,Kyneton District Health Service,1270,7-25,CAROLINE CHISHOLM,DRIVE, ,Macedon Ranges (S),KYNETON,3444,LMR,VIC
146.876100003619712,-36.138599998068081,132,180,PRIVATE,MURRAY VALLEY PRIVATE HOSPITAL,Murray Valley Private Hospital, ,6570,2/69,NORDSVAN,DRIVE, ,WODONGA,WODONGA,3690,HUME,VIC
146.471400000091222,-38.218799999541083,133,67,PUBLIC,LATROBE REGIONAL HOSPITAL,Latrobe Regional Hospital,Latrobe Regional Hospital,2440,10,VILLAGE,AVENUE, ,Latrobe (C),TRARALGON,3844,Gipp,VIC
145.031199999218046,-37.763399998704344,134,181,PRIVATE,NORTH EASTERN REHAB CENTRE,North Eastern Rehabilitation Centre, ,7070,134-144,FORD,STREET, ,BANYULE,IVANHOE,3079,NWMR,VIC
143.980800002830279,-38.545499998102088,135,68,PUBLIC,LORNE PUBLIC HOSPITAL,Lorne Community Hospital,Lorne Community Hospital,2550,1,ALBERT,STREET, ,Surf Coast (S),LORNE,3232,BSW,VIC
145.061899997582515,-37.691300000271056,136,182,PRIVATE,NORTHPARK PRIVATE HOSPITAL,Northpark Private Hospital, ,7390,10,GREENHILLS,ROAD, ,WHITTLESEA,BUNDOORA,3083,NWMR,VIC
144.064000003101597,-36.992699998587966,137,69,PUBLIC,MALDON PUBLIC HOSPITAL,Maldon Hospital,Maldon Hospital,2590,1,CHAPEL,STREET, ,Mount Alexander (S),MALDON,3463,LMR,VIC
145.170100003644535,-38.156599997735427,138,183,PRIVATE,PENINSULA PRIVATE HOSPITAL,Peninsula Private Hospital, ,6790,525,MCCLELLAND,DRIVE, ,FRANKSTON,LANGWARRIN,3910,SMR,VIC
142.313100002471629,-35.074499997719379,139,70,PUBLIC,OUYEN PUBLIC HOSPITAL,Mallee Track Health and Community Service,Mallee Track Health & Community Service,2390,28,BRITT,STREET, ,Mildura (RC),OUYEN,3490,LMR,VIC
145.243900000746407,-37.811399999357199,140,184,PRIVATE,RINGWOOD PRIVATE HOSPITAL,Ringwood Private Hospital, ,7810,36,MT DANDENONG,ROAD, ,MAROONDAH,RINGWOOD EAST,3135,EMR,VIC
142.88080000121272,-35.050999998315824,141,71,PUBLIC,MANANGATANG PUBLIC HOSPITAL,"Robinvale District Health Services, Managatang",Manangatang & District Hospital,2660,37-39,PIONEER,STREET, ,Swan Hill (RC),MANANGATANG,3546,LMR,VIC
145.410800002175392,-36.359299997437397,142,185,PRIVATE,SHEPPARTON PRIVATE HOSPITAL,Shepparton Private Hospital, ,7840,20,FITZGERALD,STREET, ,GREATER SHEPPARTON,SHEPPARTON,3630,HUME,VIC
146.086400001924687,-37.057300000860373,143,72,PUBLIC,MANSFIELD PUBLIC HOSPITAL,Mansfield District Hospital,Mansfield District Hospital,2670,51-53,HIGHETT,STREET, ,Mansfield (S),MANSFIELD,3722,HUME,VIC
145.121699996759645,-37.918399999436623,144,186,PRIVATE,SIR JOHN MONASH HOSPITAL,Sir John Monash Private Hospital, ,6930,212-220,CLAYTON,ROAD, ,MONASH,CLAYTON,3168,EMR,VIC
145.255400001826615,-37.806999999256647,145,73,PUBLIC,MAROONDAH PUBLIC HOSPITAL,Maroondah Hospital,Eastern Health,1210,1-15,DAVEY,DRIVE, ,Maroondah (C),RINGWOOD EAST,3135,EMR,VIC
145.19250000232185,-37.965699999330376,146,187,PRIVATE,SOUTH EASTERN PRIVATE HOSPITAL,South Eastern Private Hospital, ,7350,313-329,PRINCES,HIGHWAY, ,GREATER DANDENONG,NOBLE PARK,3174,SMR,VIC
145.213299996776499,-37.969999998322479,147,188,PRIVATE,ST JOHN OF GOD - PINELODGE,St John of God Pinelodge Clinic, ,6780,1480,HEATHERTON,ROAD, ,GREATER DANDENONG,DANDENONG,3175,SMR,VIC
143.735200003077608,-36.85539999854506,148,74,PUBLIC,DUNOLLY PUBLIC HOSPITAL,Maryborough District Health Service (Dunolly),Maryborough District Health Service,1352,20,HAVELOCK,STREET, ,Central Goldfields (S),DUNOLLY,3472,LMR,VIC
144.98446141581698,-37.811928879090125,149,189,PRIVATE,MERCY PRIVATE HOSPITAL - EAST MLB,Mercy Private Hospital East Melbourne, ,6450,159,GREY,STREET, ,MELBOURNE,EAST MELBOURNE,3002,NWMR,VIC
143.738300003574096,-37.045099998642868,150,75,PUBLIC,MARYBOROUGH PUBLIC HOSPITAL,Maryborough District Health Service (Maryborough),Maryborough District Health Service,1351,75,CLARENDON,STREET, ,Central Goldfields (S),MARYBOROUGH,3465,LMR,VIC
144.976099997307699,-37.807899999739121,151,190,PRIVATE,ST VINCENTS PRIVATE HOSPITAL - FITZROY,St Vincent's Private Hospital Fitzroy, ,6620,59-61,VICTORIA,PARADE, ,YARRA,FITZROY,3065,NWMR,VIC
144.709700003622572,-36.926100000202247,152,76,PUBLIC,HEATHCOTE PUBLIC HOSPITAL,Heathcote Health,Heathcote Health,1340,39-55,HOSPITAL,STREET, ,Greater Bendigo (C),HEATHCOTE,3523,LMR,VIC
144.972099997123308,-37.8342999989829,153,191,PRIVATE,ALBERT ROAD CLINIC,Albert Road Clinic, ,6950,31,ALBERT,ROAD, ,PORT PHILLIP,MELBOURNE,3004,SMR,VIC
144.559000000556949,-37.686500001197082,154,77,PUBLIC,MELTON WEST PUBLIC HOSPITAL,Melton Health,Djerriwarrh Health Service,3680,195-209,BARRIES,ROAD, ,Melton (S),MELTON WEST,3337,NWMR,VIC
145.041900001576295,-38.223399999824153,155,192,PRIVATE,THE BAYS PRIVATE HOSPITAL,The Bays Hospital - Mornington, ,6291,262,MAIN,STREET, ,MORNINGTON PENINSULA,MORNINGTON,3931,SMR,VIC
145.060900002319983,-37.75629999786149,156,78,PUBLIC,MERCY WOMENS HOSPITAL,Mercy Women's,Mercy Public Hospitals Inc,1160,163,STUDLEY,ROAD, ,Banyule (C),HEIDELBERG,3084,NWMR,VIC
144.393200002096933,-38.18199999933487,157,193,PRIVATE,GEELONG CLINIC,The Geelong Clinic, ,6530,94-102,TOWNSEND,ROAD, ,GREATER GEELONG,ST ALBANS PARK,3219,BSW,VIC
142.142899997720065,-34.18549999918357,158,79,PUBLIC,MILDURA BASE PUBLIC HOSPITAL,Mildura Base Hospital,Mildura Base Hospital,2320,216-240,ONTARIO,AVENUE, ,Mildura (RC),MILDURA,3500,LMR,VIC
145.190268971533698,-38.303449575128312,159,194,PRIVATE,THE BAYS HOSPITAL HASTINGS,The Bays Hospital - Hastings, ,6291,86,VICTORIA,STREET, ,MORNINGTON PENINSULA,HASTINGS,3915,SMR,VIC
145.122400000287399,-37.92049999827632,160,80,PUBLIC,MONASH MEDICAL - CLAYTON,Monash Medical Centre (Clayton),Monash Health,1170,246,CLAYTON,ROAD, ,Monash (C),CLAYTON,3168,EMR,VIC
145.194214228623821,-37.811275213742299,161,195,PRIVATE,MITCHAM PRIVATE HOSPITAL,Mitcham Private Hospital, ,8440,36,DONCASTER EAST,ROAD, ,WHITEHORSE,MITCHAM,3132,EMR,VIC
145.063500001832068,-37.920899997726671,162,81,PUBLIC,MONASH MEDICAL - MOORABBIN,Monash Medical Centre (Moorabbin),Monash Health,1220,823-865,CENTRE,ROAD, ,Glen Eira (C),BENTLEIGH EAST,3165,SMR,VIC
145.268299997309896,-37.855500000816669,163,196,PRIVATE,MELBOURNE EASTERN HOSPITAL,The Melbourne Eastern Private Hospital, ,6970,157,SCORESBY,ROAD, ,KNOX,BORONIA,3155,EMR,VIC
142.227100000056197,-38.381499997548943,164,82,PUBLIC,PORT FAIRY PUBLIC HOSPITAL,Moyne Health Services (Port Fairy),Moyne Health Services,2450,32,VILLIERS,STREET, ,Moyne (S),PORT FAIRY,3284,BSW,VIC
145.21310000112129,-37.938799998903285,165,197,PRIVATE,VALLEY PRIVATE HOSPITAL,The Valley Private Hospital, ,6200,535,POLICE,ROAD, ,MONASH,MULGRAVE,3170,EMR,VIC
144.212099999549537,-37.052599999007448,166,83,PUBLIC,CASTLEMAINE PUBLIC HOSPITAL,Castlemaine Health,Castlemaine Health,5010,16,ODGERS,ROAD, ,Mount Alexander (S),CASTLEMAINE,3450,LMR,VIC
144.99719999734549,-37.848099997985109,167,198,PRIVATE,VICTORIA CLINIC,The Victoria Clinic, ,6230,324,MALVERN,ROAD, ,STONNINGTON,PRAHRAN,3181,SMR,VIC
145.197700001723916,-36.057199998455033,168,84,PUBLIC,NATHALIA PUBLIC HOSPITAL,Nathalia District Hospital,Nathalia District Hospital,4010,36-44,MCDONELL,STREET, ,Moira (S),NATHALIA,3638,HUME,VIC
145.162100002368732,-37.898399999880731,169,199,PRIVATE,VICTORIAN REHAB CENTRE,The Victorian Rehabilitation Centre, ,7870,499,SPRINGVALE,ROAD, ,MONASH,GLEN WAVERLEY,3150,EMR,VIC
146.314300001136615,-36.354299998641963,170,85,PUBLIC,WANGARATTA BASE HOSPITAL,Northeast Health Wangaratta,Northeast Health Wangaratta,1150,35-47,GREEN,STREET, ,Wangaratta (RC),WANGARATTA,3677,HUME,VIC
145.443800002399485,-36.100000000755792,171,86,PUBLIC,NUMURKAH PUBLIC HOSPITAL,Numurkah District Health Service,Numurkah & District Health Service,3030,2,KATAMATITE,ROAD, ,Moira (S),NUMURKAH,3636,HUME,VIC
145.023999996852638,-37.806499997959421,172,200,PRIVATE,ST VINCENTS PRIVATE HOSPITAL - KEW,St Vincent's Private Hospital Kew, ,6890,5,STUDLEY,AVENUE, ,BOROONDARA,KEW,3101,EMR,VIC
145.061800002864175,-37.816299999789585,173,87,PUBLIC,CANTERBURY PUBLIC HOSPITAL,O'Connell Family Centre,OConnell Family Centre (Grey Sisters) Inc.,2100,6,MONT ALBERT,ROAD, ,Boroondara (C),CANTERBURY,3126,EMR,VIC
146.312200002111013,-36.349199998056932,174,201,PRIVATE,WANGARATTA PRIVATE HOSPITAL,Wangaratta Private Hospital, ,6750,134-150,TEMPLETON,STREET, ,WANGARATTA,WANGARATTA,3677,HUME,VIC
147.597199998569778,-37.098099997975261,175,88,PUBLIC,OMEO PUBLIC HOSPITAL,Omeo District Health,Omeo District Health,2040,10,EASTON,STREET, ,East Gippsland (S),OMEO,3898,Gipp,VIC
145.060299999836701,-37.755099999346818,176,202,PRIVATE,WARRINGAL PRIVATE HOSPITAL,Warringal Private Hospital, ,6910,216,BURGUNDY,STREET, ,BANYULE,HEIDELBERG,3084,NWMR,VIC
148.46559999884073,-37.70169999773038,177,89,PUBLIC,ORBOST PUBLIC HOSPITAL,Orbost Regional Health,Orbost Regional Health,5050,104,BOUNDARY,ROAD, ,East Gippsland (S),ORBOST,3888,Gipp,VIC
145.14569999967901,-37.884699999146285,178,203,PRIVATE,WAVERLEY PRIVATE HOSPITAL,Waverley Private Hospital, ,6600,343-357,BLACKBURN,ROAD, ,MONASH,MOUNT WAVERLEY,3149,EMR,VIC
143.664600000027434,-38.75389999832197,179,90,PUBLIC,APOLLO BAY PUBLIC HOSPITAL,Otway Health,Otway Health,2020,75,MCLACHLAN,STREET, ,Colac-Otway (S),APOLLO BAY,3233,BSW,VIC
144.885999999575006,-37.793099998084756,180,204,PRIVATE,WESTERN PRIVATE HOSPITAL,Western Private Hospital, ,6800,1-9,MARION,STREET, ,MARIBYRNONG,FOOTSCRAY,3011,NWMR,VIC
145.163999997149716,-37.852400000040568,181,91,PUBLIC,PETER JAMES CENTRE,"Peter James Centre, The",Eastern Health,2120,321-345,BURWOOD,HIGHWAY, ,Whitehorse (C),FOREST HILL,3131,EMR,VIC
145.022799998727635,-37.821299999294361,182,205,PRIVATE,EPWORTH HOSPITAL - HAWTHORN,Epworth Hawthon, ,6720,46-52,BURWOOD,ROAD, ,BOROONDARA,HAWTHORN,3122,EMR,VIC
144.956633348442097,-37.799998548131533,183,92,PUBLIC,PETER MACALLUM CANCER INST,Peter MacCallum Cancer Institute,Peter MacCallum Cancer Institute,1550,305,GRATTAN,STREET, ,Melbourne (C),MELBOURNE,3000,NWMR,VIC
145.133100002595143,-38.154399997810266,184,206,PRIVATE,FRANKSTON PRIVATE HOSPITAL,Frankston Private Hospital, ,7900,24-28,FRANKSTON-FLINDERS,ROAD, ,FRANKSTON,FRANKSTON,3199,SMR,VIC
141.606200002020074,-38.341200000538244,185,93,PUBLIC,PORTLAND PUBLIC HOSPITAL,Portland District Health,Portland District Health,2460,141-151,BENTINCK,STREET, ,Glenelg (S),PORTLAND,3305,BSW,VIC
144.991599999627852,-37.911799999901888,186,207,PRIVATE,CABRINI HOSPITAL - BRIGHTON,Cabrini Brighton, ,6513,243,NEW,STREET, ,BAYSIDE,BRIGHTON,3186,SMR,VIC
145.178300001005255,-37.972199997930275,187,94,PUBLIC,QUEEN ELIZABETH - NOBLE PARK,"Queen Elizabeth Centre, The",Queen Elizabeth Centre,3110,37-53,THOMAS,STREET, ,Greater Dandenong (C),NOBLE PARK,3174,SMR,VIC
145.010099999489086,-37.885000000673372,188,208,PRIVATE,CABRINI REHAB - HOPETOUN,Cabrini Hopetoun Rehabilitation, ,6514,2-6,HOPETOUN,STREET, ,GLEN EIRA,ELSTERNWICK,3185,SMR,VIC
142.781999997475992,-34.58449999860823,189,95,PUBLIC,ROBINVALE PUBLIC HOSPITAL,"Robinvale District Health Services, Robinvale",Robinvale District Health Services,3130,128-132,LATJE,ROAD, ,Swan Hill (RC),ROBINVALE,3549,LMR,VIC
145.033399999042359,-37.862300000190089,190,209,PRIVATE,CABRINI HOSPITAL - MALVERN,Cabrini Malvern, ,6511,183,WATTLETREE,ROAD, ,STONNINGTON,MALVERN,3144,SMR,VIC
144.6978000031269,-36.366500000070715,191,96,PUBLIC,ROCHESTER PUBLIC HOSPITAL,Rochester and Elmore District Health Service,Rochester & Elmore District Health Service,3140,1,PASCOE,STREET, ,Campaspe (S),ROCHESTER,3561,LMR,VIC
145.008900002029407,-37.854099998835629,192,210,PRIVATE,CABRINI HOSPITAL - PRAHRAN,Cabrini Prahran, ,6512,646,HIGH,STREET, ,STONNINGTON,PRAHRAN,3181,SMR,VIC
144.884599998064402,-38.361900000801839,193,97,PUBLIC,ROSEBUD PUBLIC HOSPITAL,Rosebud Hospital,Peninsula Health,1250,1527,POINT NEPEAN,ROAD, ,Mornington Peninsula (S),ROSEBUD WEST,3940,SMR,VIC
145.009199999410498,-37.885699997673747,194,211,PRIVATE,CABRINI REHAB - ELSTERNWICK,Cabrini Elsternwick Rehabilitation, ,6840,494,GLEN HUNTLY,ROAD, ,GLEN EIRA,ELSTERNWICK,3185,SMR,VIC
144.955899998266034,-37.799199997839544,195,98,PUBLIC,ROYAL MELBOURNE HOSPITAL,Royal Melbourne Hospital,Melbourne Health,1334,300,GRATTAN,STREET, ,Melbourne (C),PARKVILLE,3052,NWMR,VIC
145.119292316935827,-37.814707481199733,196,212,PRIVATE,EPWORTH HOSPITAL - EASTERN,"Epworth Freemasons, Box Hill", ,7370,1,ARNOLD,STREET, ,WHITEHORSE,BOX HILL,3128,EMR,VIC
144.948799998047463,-37.778299997733242,197,99,PUBLIC,MELBOURNE EXTENDED CARE,Royal Melbourne Hospital (Royal Park Campus),Melbourne Health,1335,34-54,POPLAR,ROAD, ,Melbourne (C),PARKVILLE,3052,NWMR,VIC
144.885300002723937,-37.748500000113573,198,213,PRIVATE,ESSENDON PRIVATE HOSPITAL,Essendon Private Hospital, ,6300,35,ROSEHILL,ROAD, ,MOONEE VALLEY,ESSENDON WEST,3040,NWMR,VIC
145.023800001046538,-37.789299997626081,199,100,PUBLIC,ROYAL TALBOT REHABILITATION,Royal Talbot Rehabilitation Centre,Austin Health,3220,1,YARRA,BOULEVARD, ,Boroondara (C),KEW,3101,EMR,VIC
145.018799997601775,-37.868900000395392,200,214,PRIVATE,MELBOURNE MEDIBRAIN CENTRE,Melbourne MediBrain Centre and MediSleep, ,8420,631,INKERMAN,ROAD, ,GLEN EIRA,CAULFIELD NORTH,3161,SMR,VIC
142.366899996587193,-35.732599998726755,201,101,PUBLIC,HOPETOUN PUBLIC HOSPITAL,Rural Northwest Health (Hopetoun),Rural Northwest Health,1572,12,MITCHELL,PLACE, ,Yarriambiack (S),HOPETOUN,3396,Gram,VIC
144.957099996349172,-37.798999997845549,202,215,PRIVATE,MELBOURNE PRIVATE HOSPITAL,Melbourne Private Hospital, ,6770,1F,ROYAL,PARADE, ,MELBOURNE,PARKVILLE,3052,NWMR,VIC
142.382100000650951,-36.252799997617139,203,102,PUBLIC,WARRACKNABEAL PUBLIC HOSPITAL,Rural Northwest Health (Warracknabeal),Rural Northwest Health,1571,18,DIMBOOLA,ROAD, ,Yarriambiack (S),WARRACKNABEAL,3393,Gram,VIC
143.847599998213553,-37.55750000042201,204,216,PRIVATE,ST JOHN OF GOD - BALLARAT,St John of God Health Care (Ballarat), ,6520,101,DRUMMOND,STREET,N,BALLARAT,LAKE WENDOUREE,3350,Gram,VIC
145.018499999672258,-37.960999998426885,205,103,PUBLIC,SANDRINGHAM PUBLIC HOSPITAL,Sandringham & District Memorial Hospital,Alfred Health,1360,193,BLUFF,ROAD, ,Bayside (C),SANDRINGHAM,3191,SMR,VIC
144.263700000407169,-36.762899997898842,206,217,PRIVATE,ST JOHN OF GOD - BENDIGO,St John of God Health Care (Bendigo), ,6030,133-145,LILY,STREET, ,GREATER BENDIGO,BENDIGO,3550,LMR,VIC
145.138599999209987,-37.018499999733152,207,104,PUBLIC,SEYMOUR PUBLIC HOSPITAL,Seymour Health,Seymour District Memorial Hospital,2190,1,BRETONNEUX,STREET, ,Mitchell (S),SEYMOUR,3660,HUME,VIC
145.344700001241677,-38.034599999671968,208,218,PRIVATE,ST JOHN OF GOD - BERWICK,St John of God Health Care (Berwick), ,6080,3,GIBB,STREET, ,CASEY,BERWICK,3806,SMR,VIC
146.206200003709881,-38.658699999755513,209,105,PUBLIC,FOSTER PUBLIC HOSPITAL,South Gippsland Hospital (Foster),South Gippsland Hospital,4240,83,STATION,ROAD, ,South Gippsland (S),FOSTER,3960,Gipp,VIC
144.357199997164145,-38.15190000027556,210,219,PRIVATE,ST JOHN OF GOD - GEELONG,St John of God Hospital  (Geelong), ,6550,80,MYERS,STREET, ,GREATER GEELONG,GEELONG,3220,BSW,VIC
143.137900002492842,-38.237100000443164,211,106,PUBLIC,CAMPERDOWN PUBLIC HOSPITAL,South West Healthcare (Camperdown),South West Healthcare,3080,9,ROBINSON,STREET, ,Corangamite (S),CAMPERDOWN,3260,BSW,VIC
142.479400001757341,-38.371199998528716,212,220,PRIVATE,ST JOHN OF GOD - WARRNAMBOOL,St John of God Hospital (Warrnambool), ,6100,136,BOTANIC,ROAD, ,WARRNAMBOOL,WARRNAMBOOL,3280,BSW,VIC
142.472800001309082,-38.380399997707976,213,107,PUBLIC,WARRNAMBOOL PUBLIC HOSPITAL,South West Healthcare (Warrnambool),South West Healthcare,2160,25,RYOT,STREET, ,Warrnambool (C),WARRNAMBOOL,3280,BSW,VIC
145.155799999863518,-38.152800000405755,214,221,PRIVATE,ST JOHN OF GOD - REHAB,St John of God Frankston Rehabilitation Hospital, ,7280,255-265,CRANBOURNE,ROAD, ,FRANKSTON,FRANKSTON,3199,SMR,VIC
145.053199998878739,-37.809199999334936,215,108,PUBLIC,ST GEORGES HEALTH SERVICE,St George's Health Service (Aged Care),St Vincents Health,1700,283,COTHAM,ROAD, ,Boroondara (C),KEW,3101,EMR,VIC
144.998499997415877,-37.854999999916046,216,222,PRIVATE,THE AVENUE PRIVATE HOSPITAL,The Avenue Private Hospital, ,6210,40,THE AVENUE,<Null>, ,STONNINGTON,WINDSOR,3181,SMR,VIC
144.97510000361396,-37.806799999501855,217,109,PUBLIC,ST VINCENTS PUBLIC HOSPITAL,St Vincent's Hospital,St Vincents Health,1450,41,VICTORIA,PARADE, ,Yarra (C),FITZROY,3065,NWMR,VIC
144.99970000243701,-37.814800000551976,218,223,PRIVATE,MELBOURNE CLINIC,The Melbourne Clinic, ,7290,130,CHURCH,STREET, ,YARRA,RICHMOND,3121,NWMR,VIC
142.781400003027443,-37.059399999013394,219,110,PUBLIC,STAWELL PUBLIC HOSPITAL,Stawell Regional Health,Stawell Regional Health,2260,27-29,SLOANE,STREET, ,Northern Grampians (S),STAWELL,3380,Gram,VIC
144.700772113634628,-37.887068956726772,220,224,PRIVATE,WYNDHAM CLINIC,Wyndham Clinic, ,7300,242A,HOPPERS,LANE, ,WYNDHAM,WERRIBEE,3030,NWMR,VIC
144.816000000204411,-37.759899999032093,221,111,PUBLIC,WESTERN HOSPITAL - SUNSHINE,Sunshine Hospital,Western Health,1390,176-190,FURLONG,ROAD, ,Brimbank (C),ST ALBANS,3021,NWMR,VIC
145.044214276539293,-37.716581088943457,222,225,PRIVATE,LA TROBE PRIVATE HOSPITAL,La Trobe Private Hospital, ,6020,920,PLENTY,ROAD, ,DAREBIN,BUNDOORA,3083,NWMR,VIC
143.556599997343852,-35.340599997882791,223,112,PUBLIC,SWAN HILL PUBLIC HOSPITAL,Swan Hill District Hospital (Swan Hill),Swan Hill District Health,1491,50-54,SPLATT,STREET, ,Swan Hill (RC),SWAN HILL,3585,LMR,VIC
144.304375288524739,-38.194102618927829,224,226,PRIVATE,EPWORTH HOSPITAL - GEELONG,Epworth Geelong, ,6480,1,EPWORTH,PLACE, ,GREATER GEELONG,WAURN PONDS,3216,BSW,VIC
143.355099997994358,-35.185999999625388,225,113,PUBLIC,NYAH WEST PUBLIC HOSPITAL,Swan Hill District Hospital (Nyah),Swan Hill District Health,1492,5,MONASH,AVENUE, ,Swan Hill (RC),NYAH WEST,3595,LMR,VIC
145.120288373130336,-37.920905830461066,226,227,PRIVATE,MONASH HOUSE PRIVATE HOSPITAL,Monash House Private Hospital, ,6340,271,CLAYTON,ROAD, ,MONASH,CLAYTON,3168,EMR,VIC
147.18389999847804,-36.213799997553515,227,114,PUBLIC,TALLANGATTA PUBLIC HOSPITAL,Tallangatta Health Service,Tallangatta Health Service,1290,25,BARREE,STREET, ,Towong (S),TALLANGATTA,3700,HUME,VIC
